alb_esp2.mp3,A4
alb_esp3.mp3,A3
alb_esp4.mp3,A3
alb_esp5.mp3,A4
alb_esp6.mp3,A3
alb_se2.mp3,A1
alb_se3.mp3,A5
alb_se4.mp3,A4
alb_se5.mp3,A3
alb_se6.mp3,A4
alb_se7.mp3,A4
alb_se8.mp3,A2
appass_1.mp3,A2
appass_2.mp3,A3
appass_3.mp3,A1
bach_846.mp3,A4
bach_850.mp3,A4
beethoven_hammerklavier_1.mp3,A4
beethoven_hammerklavier_2.mp3,A3
beethoven_hammerklavier_4.mp3,A2
beethoven_les_adieux_2.mp3,A1
beethoven_les_adieux_3.mp3,A3
beethoven_opus10_1.mp3,A1
beethoven_opus10_2.mp3,A2
beethoven_opus10_3.mp3,A4
beethoven_opus22_1.mp3,A4
beethoven_opus22_2.mp3,A2
beethoven_opus22_3.mp3,A4
beethoven_opus22_4.mp3,A3
beethoven_opus90_1.mp3,A2
beethoven_opus90_2.mp3,A4
bor_ps1.mp3,A1
bor_ps2.mp3,A3
bor_ps3.mp3,A4
bor_ps4.mp3,A3
bor_ps5.mp3,A3
bor_ps6.mp3,A3
bor_ps7.mp3,A3
br_im2.mp3,A1
br_im5.mp3,A2
brahms_opus1_1.mp3,A4
brahms_opus1_3.mp3,A3
brahms_opus1_4.mp3,A5
elise.mp3,A2
mond_1.mp3,A1
mond_2.mp3,A4
pathetique_1.mp3,A1
pathetique_2.mp3,A3
pathetique_3.mp3,A3
waldstein_1.mp3,A3
waldstein_2.mp3,A1
