file,happiness
beethoven_hammerklavier_3.mp3,2
islamei.mp3,4
waldstein_3.mp3,4
alb_se1.mp3,4
beethoven_les_adieux_1.mp3,3
brahms_opus1_2.mp3,2
mond_3.mp3,3
alb_esp1.mp3,3
bach_847.mp3,4
br_im6.mp3,3
alb_esp2.mp3,4
alb_esp3.mp3,3
alb_esp4.mp3,3
alb_esp5.mp3,4
alb_esp6.mp3,3
alb_se2.mp3,1
alb_se3.mp3,5
alb_se4.mp3,4
alb_se5.mp3,3
alb_se6.mp3,4
alb_se7.mp3,4
alb_se8.mp3,2
appass_1.mp3,2
appass_2.mp3,3
appass_3.mp3,1
bach_846.mp3,4
bach_850.mp3,4
beethoven_hammerklavier_1.mp3,4
beethoven_hammerklavier_2.mp3,3
beethoven_hammerklavier_4.mp3,2
beethoven_les_adieux_2.mp3,1
beethoven_les_adieux_3.mp3,3
beethoven_opus10_1.mp3,1
beethoven_opus10_2.mp3,2
beethoven_opus10_3.mp3,4
beethoven_opus22_1.mp3,4
beethoven_opus22_2.mp3,2
beethoven_opus22_3.mp3,4
beethoven_opus22_4.mp3,3
beethoven_opus90_1.mp3,2
beethoven_opus90_2.mp3,4
bor_ps1.mp3,1
bor_ps2.mp3,3
bor_ps3.mp3,4
bor_ps4.mp3,3
bor_ps5.mp3,3
bor_ps6.mp3,3
bor_ps7.mp3,3
br_im2.mp3,1
br_im5.mp3,2
brahms_opus1_1.mp3,4
brahms_opus1_3.mp3,3
brahms_opus1_4.mp3,5
elise.mp3,2
mond_1.mp3,1
mond_2.mp3,4
pathetique_1.mp3,1
pathetique_2.mp3,3
pathetique_3.mp3,3
waldstein_1.mp3,3
waldstein_2.mp3,1
